{
  "project_info": {
    "project_number": "797506650627",
    "project_id": "smartspend-503cf",
    "storage_bucket": "smartspend-503cf.appspot.com"
  },
  "client": [
    {
      "client_info": {
        "mobilesdk_app_id": "1:797506650627:android:bd6ac59f4d246532fec436",
        "android_client_info": {
          "package_name": "com.example.smartspend"
        }
      },
      "oauth_client": [],
      "api_key": [
        {
          "current_key": "AIzaSyD6KOusGxV_NR0fzX2VC1qY4pAG5Ko992Y"
        }
      ],
      "services": {
        "appinvite_service": {
          "other_platform_oauth_client": []
        }
      }
    }
  ],
  "configuration_version": "1"
}